"","BAR.1","BAR.2","BAR.3","CDOU.1","CDOU.2","CDOU.3","CHAM.1","CHAM.2","CHAM.3","CMAR.1","CMAR.2","CMAR.3","CORA.1","CORA.2","CORA.3","CUEV.1","CUEV.2","CUEV.3","DAPH.1","DAPH.2","DAPH.3","EGAS.1","EGAS.2","EGAS.3","ELI.1","ELI.2","ELI.3","GARD.1","GARD.2","GARD.3","PCAL.1","PCAL.2","PCAL.3","PESP.1","PESP.2","PESP.3","PIN.1","PIN.2","PIN.3","PLAZ.1","PLAZ.2","PLAZ.3","PMAN.1","PMAN.2","PMAN.3","PMOR.1","PMOR.2","PMOR.3","PROJ.1","PROJ.2","PROJ.3","PVIC.1","PVIC.2","PVIC.3","RED.1","RED.2","RED.3","SOMB.1","SOMB.2","SOMB.3","STAFE.1","STAFE.2","STAFE.3","SUAR.1","SUAR.2","SUAR.3","TOR.1","TOR.2","TOR.3","Index","ID","Sequence","Index2","Basic.Cat","Basic.TaxID","B.superkingdom","B.phylum","B.class","B.order","B.family","B.genus","B.species","Assign.Category","Assign.BestLevel","Assign.Assigment","Assign.Notes"
"caccgcggtcatacgattaacccaaactaacggacccacggcgtaaagcgtgtaaaagatttatcaacactaaagttaaaatttaaccaagccgtaaaaagctaccgttaatacaaaatatactacgaaagtgactttactacttctgattacacgatagctaagacc",0,0,0,0.0255777078838606,0.0782535558965541,0.0391929968174976,0.171402742927565,0.645773951264627,0.560244230970787,0,0,0,0,0.00257045809235289,0,0,0,0,0,0,0,0.00416178956951489,0,0,0,0,0,0,0,0,0.00736862698513717,0.0227335833550253,0.0183324962330487,0,0,0,0.0146954036657297,0.0183946530257732,0.0335003283860778,0,0,0,0,0.000377030625928956,0,0,0,0,0,0,0,0.0048041303945175,0.003392731715816,0,0.120830474181411,0.0230958513303597,0.204968543592699,0,0,0,0,0,0,0,0,0,0,0,0,"E_380","ASV_5","caccgcggtcatacgattaacccaaactaacggacccacggcgtaaagcgtgtaaaagatttatcaacactaaagttaaaatttaaccaagccgtaaaaagctaccgttaatacaaaatatactacgaaagtgactttactacttctgattacacgatagctaagacc","E_380_C3","High-MH","None","Eukaryota","Chordata","Mammalia","Carnivora","Otariidae","Arctocephalus",NA,"G","Species","Arctocephalus galapagoensis","definetely Arctocephalus galapagoensis"
"caccgcggtcatacgattaacccaaactaacgggctcacggcgtaaagcgtgtaaaagatctacctacactaaagttaaaatttaaccaagccgtaaaaagctgccgttaatacaaaatatactacgaaagtgactttaataattctgattacacgatagctaagacc",0.0152301948637672,0,0.0233608256923006,0.176540107913851,0.00428458270324764,0.078435158835386,0.106661758396442,0.0208778276598527,0.020197969265545,0.00143054459352802,0,0.00680708509715609,0.0180834715950794,0.0168137000166122,0.0384270558350351,0,0.0375811167367896,0.0557411596457517,0.000872223226282993,0.012975893220934,0.0476250897162226,0,0,0.0109830547155817,0,0.00245933079127276,0.0015516247727978,0.0174240262519618,0,0.00106585770799598,0,0,0,0.0012663159945451,0.00645430918401864,0.0202928459119497,0,0,0,0.0337423668471207,0.0375597039966569,0.0138438119309533,0.0372411638399444,0.00746724046998793,0.0310259353310808,0.015455016404766,0.00697857652046674,0.0186235301140094,0.00238863783085862,0,0.00139849845429118,0.0191239118355251,0.0230796970789758,0.0986691781932846,0.208232251111392,0.0130428654498004,0.256537981312903,0,0,0,0.0256863213177369,0.000571113099430791,0.00236549277076444,0.0168042755832677,0.0196872517294166,0,0.0133638385522925,0.00551520499592723,0.0108816663673909,"E_002","ASV_10","caccgcggtcatacgattaacccaaactaacgggctcacggcgtaaagcgtgtaaaagatctacctacactaaagttaaaatttaaccaagccgtaaaaagctgccgttaatacaaaatatactacgaaagtgactttaataattctgattacacgatagctaagacc","E_2_C3","High","9704","Eukaryota","Chordata","Mammalia","Carnivora","Otariidae","Zalophus","Zalophus californianus","G","Species","Zalophus wollebaeki",""
"caccgcggtcatacgattgacccaaactaatagacacccggcgtaaagagtgtcaaagaacaatataaaaataaagtcaaaccttaattaagctgtaaaaagccataattaaaattaagttaaactacgaaagtaactttaccataaactgagtacacgacaactaagacc",0,0,0,0.000233942450157261,0.00104414200331245,0.00119030338220351,0,0,0,0,0,0,0.00389476640763973,0.00106719911870008,0,0,0,0,0,0,0,0,0,0.000285274148456667,0,0,0,0,0,0,0,0,0,9.74089226573154e-05,0,0,0,0,0,0,0,0,0,0,0,0,0,0.00256670447084104,0,0,0,0.00405167623634006,0.00506871819529591,0.00290460660415817,2.38745155462887e-05,0.000147724219092358,0.00874853302037768,0,0,0,0.000652502586138299,0,0,0,0,0,0,0,0,"E_177","ASV_132","caccgcggtcatacgattgacccaaactaatagacacccggcgtaaagagtgtcaaagaacaatataaaaataaagtcaaaccttaattaagctgtaaaaagccataattaaaattaagttaaactacgaaagtaactttaccataaactgagtacacgacaactaagacc","E_177_C3","High-MH","None","Eukaryota","Chordata","Mammalia","Artiodactyla","Delphinidae",NA,NA,"R","Family","Delphinidae",""
"caccgcggtcatacgattgacccaaactaatagacacccggcgtaaagagtgtcaaagaacaatataaaaataaagtcaaaccttaattaagctgtaaaaagccataattaaaattaagttaaactacgaaagtaactttaccataaactgaatacacgacaactaagacc",0,0,0,0,0,0,0,0,0,0,0.00337639965546942,0.00194132148806808,0,0,0,0,0,0,0,0,0,0,0,0,0,0,0,0,0,0,0,0,0,0,0,0,0,0,0,0,0,0,0,0,0,0,0,0,0,0.00472344964193204,0,0.00385488053343212,0,0,0,0,0,0.00685038414179428,0,0,0,0.000799558339203107,0,0,0,0,0,0,0.010378883102891,"E_214","ASV_178","caccgcggtcatacgattgacccaaactaatagacacccggcgtaaagagtgtcaaagaacaatataaaaataaagtcaaaccttaattaagctgtaaaaagccataattaaaattaagttaaactacgaaagtaactttaccataaactgaatacacgacaactaagacc","E_214_C3","High-MH","None","Eukaryota","Chordata","Mammalia","Artiodactyla","Delphinidae",NA,NA,"R","Family","Delphinidae",""
"caccgcggtcatacgattaacccaaattaatagaaacacggcgtaaagagtgttaaggacttacacaaaataaagtcaaaccttaattaagctgtaaaaagccataattaaaactaagccaaactacgaaagtgactttaatatgatccaatcacacgacagctaagatc",0,0,0,0.000181955239011203,0,0.000551604006386994,0,0,0,0,0,0,0,0,0,0,0,0,0,0,0,0,0,0,0,0,0,0,0,0,0,0,0,0,0,0,0,0,0,0,0,0,0,0,0,0,0,0,0,0,0,0.000260728380284194,0.0135838807637594,0.00397472482674276,0,0,0,0,0,0,0,0,0,0,0,0,0,0,0,"E_257","ASV_237","caccgcggtcatacgattaacccaaattaatagaaacacggcgtaaagagtgttaaggacttacacaaaataaagtcaaaccttaattaagctgtaaaaagccataattaaaactaagccaaactacgaaagtgactttaatatgatccaatcacacgacagctaagatc","E_257_C3","High-MH","None","Eukaryota","Chordata","Mammalia","Artiodactyla","Balaenopteridae","Balaenoptera",NA,"G","Species","Balaenopthera brydei",""
"caccgcggtcatacgattgacccaaattaataggaacacggcgtaaagagtgttaaggagtcacataaaataaagtcaaaccttaattaagctgtaaaaagccctaattaaaattaagccaaactacgaaagtgactttaacataacctgatcacacgacagctaagacc",0,0,0,0,0,0,0,0,0,0,0,0,0,0,0,0,0,0,0,0,0,0,0,0,0,0.00358746418176485,0,0,0,0,0,0,0,0,0,0,0,0,0,0,0,0,0,0,0,0,0,0,0,0,0,0,0,0,0,0,0,0,0,0,0,0,0,0,0,0.00633908333013178,0,0,0,"E_330","ASV_371","caccgcggtcatacgattgacccaaattaataggaacacggcgtaaagagtgttaaggagtcacataaaataaagtcaaaccttaattaagctgtaaaaagccctaattaaaattaagccaaactacgaaagtgactttaacataacctgatcacacgacagctaagacc","E_330_C3","High","9773","Eukaryota","Chordata","Mammalia","Artiodactyla","Balaenopteridae","Megaptera","Megaptera novaeangliae","G","Species","Megaptera novaeangliae","humpbackwhale "
"caccgcggtcatacgattgacccaagctaatagacacccggcgtaaagagtgtcaaagaacaatataaaaataaagtcaaaccttaattaagctgtaaaaagccataattaaaattaagttaaactacgaaagtaactttaccataaactgagtgcacgacaactaagacc",0,0,0,0,0,0,0,0,0,0,0,0,0,0,0,0,0,0,0,0,0,0,0,0,0,0,0,0,0,0,0,0,0,0,0,0,0,0,0,0,0,0,0,0,0,0,0,0,0,0,0,0,0,0,0.00276791123676927,0,0,0,0,0,0,0,0,0,0,0,0,0,0,"E_360","ASV_441","caccgcggtcatacgattgacccaagctaatagacacccggcgtaaagagtgtcaaagaacaatataaaaataaagtcaaaccttaattaagctgtaaaaagccataattaaaattaagttaaactacgaaagtaactttaccataaactgagtgcacgacaactaagacc","E_360_C3","High-MH","None","Eukaryota","Chordata","Mammalia","Artiodactyla","Delphinidae",NA,NA,"R","Family","Delphinidae",""
"caccgcggtcatacgattgacccaaactaatagatacccggcgtaaagagtgtcaaagaacaatataaaaataaagtcaaaccttaattaagctgtaaaaagccataattaaaattaagttaaactacgaaagtaactttaccataaactgaatacacgacaactaagacc",0,0,0,0,0,0,0,0,0,0,0,0,0,0,0,0,0,0,0,0,0,0,0,0,0,0,0,0,0,0,0,0,0,0,0,0.0017688679245283,0,0,0,0,0,0,0,0,0,0,0,0,0,0,0,0,0,0,0,0,0,0,0,0,0,0,0,0,0,0,0,0,0,"E_483","ASV_791","caccgcggtcatacgattgacccaaactaatagatacccggcgtaaagagtgtcaaagaacaatataaaaataaagtcaaaccttaattaagctgtaaaaagccataattaaaattaagttaaactacgaaagtaactttaccataaactgaatacacgacaactaagacc","E_483_C3","High-MH","None","Eukaryota","Chordata","Mammalia","Artiodactyla","Delphinidae",NA,NA,"R","Family","Delphinidae",""
"caccgcggtcatacgattaacccaaattaatagaaacacggcgtaaagagtgttaaggagtctcatagaataaagtcaaaccttaattaagctgtaaaaagccataattaaaattaagccaaactacgaaagtgactttaatatgatctgatcacacgacagctaagatc",0,0,0,0,0,0,0,0,0,0,0,0,0,0,0,0,0,0,0,0,0,0,0,0,0,0,0,0,0,0,0,0,0,0,0,0,0,0,0,0,0,0,0,0,0,0,0,0,0,0,0,0,0,0,0,0,0,0,0,0,0,0,0,0,0,0,0.00110239162929746,0,0,"E_508","ASV_852","caccgcggtcatacgattaacccaaattaatagaaacacggcgtaaagagtgttaaggagtctcatagaataaagtcaaaccttaattaagctgtaaaaagccataattaaaattaagccaaactacgaaagtgactttaatatgatctgatcacacgacagctaagatc","E_508_C3","High-MH","None","Eukaryota","Chordata","Mammalia","Artiodactyla","Balaenopteridae","Balaenoptera",NA,"G","Species","Balaenoptera musculus","blue whale"
"caccgcggtcatacgattgacccaaattaatagacacccggcgtaaagagtgtcaaagaacaatataaaaataaagtcaaaccttgattaagctgtaaaaagccataattaaaattaagttaaactacgaaagtaactttaccataaactgagtacacgacaactaagacc",0,0,0,0,0,0,0,0,0,0,0,0,0.000580469993446307,0,0,0,0,0,0,0,0,0,0,0,0,0,0,0,0,0,0,0,0,0,0,0,0,0.00045011963706143,0,0,0,0,0,0,0,0,0,0,0,0,0,0,0,0,0,0,0,0,0,0,0,0,0,0,0,0,0,0,0,"E_522","ASV_892","caccgcggtcatacgattgacccaaattaatagacacccggcgtaaagagtgtcaaagaacaatataaaaataaagtcaaaccttgattaagctgtaaaaagccataattaaaattaagttaaactacgaaagtaactttaccataaactgagtacacgacaactaagacc","E_522_C3","High-MH","None","Eukaryota","Chordata","Mammalia","Artiodactyla","Delphinidae",NA,NA,"R","Family","Delphinidae","Spotted dolphin"
"caccgcggtcatacgattgacccaagctaatagacacccggcgtaaagagtgtcaaagaacaatataaaaataaagtcaaaccttaattaagctgtaaaaagccataattaaaattaagttaaactacgaaagtaactttaccataaactgagtacacgacaactaagacc",0,0,0,0,0,0,0,0,0,0.00064127861089187,0,0,0,0,0,0,0,0,0,0,0,0,0,0,0,0,0,0,0,0,0,0,0,0,0,0,0,0,0,0,0,0,0,0,0,0,0,0,0,0,0,0,0,0,0,0,0,0,0,0,0,0,0,0,0,0,0,0,0,"E_067","ASV_1107","caccgcggtcatacgattgacccaagctaatagacacccggcgtaaagagtgtcaaagaacaatataaaaataaagtcaaaccttaattaagctgtaaaaagccataattaaaattaagttaaactacgaaagtaactttaccataaactgagtacacgacaactaagacc","E_67_C3","High-MH","None","Eukaryota","Chordata","Mammalia","Artiodactyla","Delphinidae",NA,NA,"R","Family","Delphinidae",""
